{
    "TTbar": {
        "/TTtoLNu2Q_TuneCP5_13p6TeV_powheg-pythia8/Run3Summer22EENanoAODv12-130X_mcRun3_2022_realistic_postEE_v6-v2/NANOAODSIM": {
            "xsection": 404.5368,
            "shortname": "TTtoLNu2Q",
            "nwgt": 90004062490.0,
            "per_evt_wgt": 4.494650450305469e-09
        },
        "/TTto2L2Nu_TuneCP5_13p6TeV_powheg-pythia8/Run3Summer22EENanoAODv12-130X_mcRun3_2022_realistic_postEE_v6-v2/NANOAODSIM": {
            "xsection": 96.978,
            "shortname": "TTto2L2N",
            "nwgt": 6960503651.8,
            "per_evt_wgt": 1.393261247336912e-08
        },
        "/TTto4Q_TuneCP5_13p6TeV_powheg-pythia8/Run3Summer22EENanoAODv12-130X_mcRun3_2022_realistic_postEE_v6-v2/NANOAODSIM": {
            "xsection": 422.0582,
            "shortname": "TTto4Q",
            "nwgt": 62594054640.0,
            "per_evt_wgt": 6.742784157815024e-09
        }
    }
}