{
    "EWKWPlus2Jets_WToLNu_M-50": 39.33,
    "EWKWplus2Jets_WToQQ_dipoleRecoilOn": 10.67,
    "EWKWMinus2Jets_WToLNu_M-50": 32.26,
    "EWKWminus2Jets_WToQQ_dipoleRecoilOn": 10.67,
    "EWKZ2Jets_ZToLL_M-50": 6.22,
    "EWKZ2Jets_ZToNuNu_M-50": 10.72,
    "EWKZ2Jets_ZToQQ_dipoleRecoilOn": 10.67,
    "WZJJ_EWK_InclusivePolarization": 0.01701,
    "WWJJToLNuLNu": 0.284,
    "ZZJJTo4L": 0.00884,
    "tZq_ll_4f_ckm_NLO": 0.0758,
    "ST_s-channel_4f": 3.74,
    "ST_t-channel_antitop_4f": 80.95,
    "ST_t-channel_top_4f": 136.02,
    "ST_tW_antitop_5f": 19.559,
    "ST_tW_top_5f": 19.559,
    "ST_tWll_5f_LO": 0.01123,
    "TWZToLL_tlept_Whad_5f_DR": 0.003004,
    "TWZToLL_thad_Wlept_5f_DR": 0.003004,
    "GluGluHToZZTo4L": 0.0082323,
    "GluGlutoHHto2B2Tau_kl-0p00_kt-1p00_c2-0p00": 0.06646,
    "GluGlutoHHto2B2Tau_kl-0p00_kt-1p00_c2-1p00": 0.1492,
    "GluGlutoHHto2B2Tau_kl-1p00_kt-1p00_c2-0p00": 0.02963,
    "DYJetsToLL_M-50": 5558.0,
    "WJetsToLNu": 52940.0,
    "TTWJetsToLNu": 0.2043,
    "TTWJetsToQQ": 0.4377,
    "TTZToLLNuNu_M-10": 0.2529,
    "TTZToLL_M-1to10": 0.2529,
    "TTJets_DiLept": 91.044,
    "TTJets_SingleLeptFromT": 182.96,
    "TTJets_SingleLeptFromTbar": 182.96,
    "TTto2L2Nu": 762.1,
    "WpWpJJ_EWK": 0.0539,
    "SSWW": 0.02794,
    "ttHTobb_M125": 0.1279,
    "ttHToNonbb_M125": 0.215,
    "ttHJetTobb_M125": 0.1279,
    "ttHJetToNonbb_M125": 0.215,
    "TTTT": 0.009103,
    "TTWW": 0.0115,
    "TTWZ": 0.003884,
    "TTZZ": 0.001982,
    "TTWH": 0.001582,
    "TTZH": 0.001535,
    "TTbb_4f_TTTo2L2Nu": 0.04,
    "TTbb_4f_TTToSemiLeptonic": 0.62,
    "WWW_4F": 0.2086,
    "WWZ_4F": 0.1851,
    "WZG": 0.04123,
    "WZZ": 0.05565,
    "ZZZ": 0.01398,
    "WWTo1L1Nu2Q": 51.65,
    "WWTo2L2Nu": 11.79,
    "WWTo4Q": 54.82,
    "WWTolnulnu": 12.178,
    "WZtoLNu2Q": 15.87,
    "WZTo1L3Nu": 3.054024,
    "WZto2L2Q": 7.568,
    "WZto3LNu": 4.924,
    "ZZto2L2Q": 6.788,
    "ZZto2L2Nu": 1.031,
    "ZZto2Nu2Q": 4.826,
    "ZZTo4Q": 3.451, 
    "ZZto4L": 1.325, 
    "ZZto4L_M-1toInf": 1.256,
    "VBFHToTauTau_M125": 4.18,
    "GluGluHToTauTau_M-125": 31.66,
    "VHToNonbb_M125": 2.207,
    "ZH_HToBB_ZToLL_M-125": 0.02627486511,
    "ZH_HToBB_ZToQQ_M-125": 0.1713336282,
    "ggZH_HToBB_ZToLL_M-125": 0.002461395396,
    "WminusH_HToBB_WToLNu_M-125": 0.04901236122,
    "WplusH_HToBB_WToLNu_M-125": 0.08487599411,
    "ZJetsToQQ_HT-200to400": 1012.0,
    "ZJetsToQQ_HT-400to600": 114.2,
    "ZJetsToQQ_HT-600to800": 25.34,
    "ZJetsToQQ_HT-800toInf": 12.99,
    "WJetsToQQ_HT-200to400": 2549.0,
    "WJetsToQQ_HT-400to600": 276.5,
    "WJetsToQQ_HT-600to800": 59.25,
    "WJetsToQQ_HT-800toInf": 28.75
}