{
    "DYJets": {
        "DYJetsToLL_M-10to50": 0.0005832144242589193,
        "DYJetsToLL_M-50": 6.527835742716993e-05
    },
    "ZH": {
        "ZH_HToBB_ZToLL_M-125": 1.2736611394417676e-08,
        "ZH_HToBB_ZToQQ_M-125": 4.186246985540858e-08
    },
    "SingleH": {
        "ttHto2B_M-125": 3.1138427229446877e-08,
        "VBFHToTauTau_M125": 1.4026845637583892e-05,
        "GluGluHToTauTau_M-125": 0.00010879725085910653
    },
    "ggF": {
        "GluGlutoHHto2B2Tau_kl-1p00_kt-1p00_c2-0p00": 9.657065008376192e-09
    },
    "WJets": {
        "WJetsToLNu": 1.3512501354121542e-08
    },
    "WZ": {
        "WZto3LNu": 4.948361499331248e-07,
        "WZto2L2Q": 3.975733260104113e-07
    },
    "WZZ": {
        "WZZ": 1.315742809518743e-07
    }
}