{
    "DYJets": {
        "DYJetsToLL_M-10to50": 0.0005832144242589193,
        "DYJetsToLL_M-50": 6.527835742716993e-05
    },
    "ZH": {
        "ZH_HToBB_ZToLL_M-125": 1.4902264168723096e-07,
        "ZH_HToBB_ZToQQ_M-125": 7.022693248178959e-08
    },
    "SingleH": {
        "ttHto2B_M-125": 5.431315022303702e-08,
        "VBFHToTauTau_M125": 3.3566055298115853e-06,
        "GluGluHToTauTau_M-125": 3.4365377977333385e-06
    }
}