{
    "DYJets": {
        "DYJetsToLL_M-50": 5.853777195550346e-05
    },
    "SingleH": {
        "ttHto2B_M-125": 3.1138427229446877e-08,
        "VBFHToTauTau_M125": 1.4026845637583892e-05,
        "GluGluHToTauTau_M-125": 0.00010879725085910653
    },
    "TTbar": {
        "TTtoLNu2Q": 2.839221513402452e-06,
        "TTto2L2N": 8.9860380362565e-06,
        "TTto4Q": 4.215814171159787e-06
    },
    "WW": {
        "WWto2L2Nu": 5.251350385419721e-07,
        "WWto4Q": 1.4520230731286973e-06
    },
    "WWW": {
        "WWW_4F": 1.570341589768496e-07
    },
    "WWZ": {
        "WWZ_4F": 3.4426730766226316e-08
    },
    "WZ": {
        "WZto3LNu": 5.139635998119086e-07,
        "WZto2L2Q": 5.368638468451161e-07,
        "WZtoLNu2Q": 5.264781695677704e-07
    },
    "ZH": {
        "ZH_HToBB_ZToLL_M-125": 4.142146645079353e-08,
        "ZH_HToBB_ZToQQ_M-125": 1.4557363783096744e-07
    },
    "ZZ": {
        "ZZto4L": 2.6390481612546462e-08,
        "ZZto2L2Nu": 2.0096974627559785e-08,
        "ZZto2Nu2Q": 4.598040202077483e-07,
        "ZZto2L2Q": 1.3415317498054354e-07
    },
    "ggF": {
        "GluGlutoHHto2B2Tau_kl-1p00_kt-1p00_c2-0p00": 9.657065008376192e-09
    }
}