{
    "DYJets": {
        "DYJetsToLL_M-50": 5.853777195550346e-05
    },
    "SingleH": {
        "ttHto2B_M-125": 5.431315022303702e-08,
        "VBFHToTauTau_M125": 3.3566055298115853e-06,
        "GluGluHToTauTau_M-125": 3.4365377977333385e-06
    },
    "TTbar": {
        "TTtoLNu2Q": 8.492426708482869e-09,
        "TTto2L2N": 1.1169875468827808e-07,
        "TTto4Q": 1.2137743447088974e-08
    },
    "WW": {
        "WWto2L2Nu": 4.4543918260839996e-08,
        "WWto4Q": 1.5967586074447133e-08
    },
    "WWW": {
        "WWW_4F": 6.748726793340388e-07
    },
    "WWZ": {
        "WWZ_4F": 1.8589330435018515e-07
    },
    "WZ": {
        "WZto3LNu": 1.0437580426159711e-07,
        "WZto2L2Q": 7.093779258755063e-08,
        "WZtoLNu2Q": 3.3173987379138706e-08
    },
    "ZH": {
        "ZH_HToBB_ZToLL_M-125": 4.846451039372771e-07,
        "ZH_HToBB_ZToQQ_M-125": 2.4420895542939447e-07
    },
    "ZZ": {
        "ZZto4L": 1.8979482912484496e-08,
        "ZZto2L2Nu": 1.9496412498245873e-08,
        "ZZto2Nu2Q": 9.527975719406472e-08,
        "ZZto2L2Q": 1.975937419497572e-08
    },
    "ggF": {
        "GluGlutoHHto2B2Tau_kl-1p00_kt-1p00_c2-0p00": 3.2598133631592877e-07
    }
}