{
    "ggF": {
        "GluGlutoHHto2B2Tau_kl-1p00_kt-1p00_c2-0p00": 9.657065008376192e-09
    },
    "ZH": {
        "ZH_HToBB_ZToLL_M-125": 4.142146645079353e-08,
        "ZH_HToBB_ZToQQ_M-125": 1.4557363783096744e-07
    }
}