{
    "ggF": {
        "GluGlutoHHto2B2Tau_kl-1p00_kt-1p00_c2-0p00": 9.657065008376192e-09
    },
    "SingleH": {
        "ttHto2B_M-125": 3.1138427229446877e-08,
        "VBFHToTauTau_M125": 1.4026845637583892e-05,
        "GluGluHToTauTau_M-125": 0.00010879725085910653
    },
    "DYJets": {
        "DYJetsToLL_M-50": 5.853777195550346e-05
    },
    "TTbar": {
        "TTto2L2N": 8.9860380362565e-06
    }
}